{"stats":{"minecraft:killed":{"minecraft:sheep":1},"minecraft:mined":{"minecraft:birch_leaves":1},"minecraft:custom":{"minecraft:jump":139,"minecraft:time_since_rest":2211,"minecraft:damage_dealt":80,"minecraft:leave_game":1,"minecraft:sprint_one_cm":10568,"minecraft:play_time":2211,"minecraft:damage_taken":6,"minecraft:time_since_death":2211,"minecraft:walk_one_cm":4878,"minecraft:sneak_time":13,"minecraft:total_world_time":2211,"minecraft:mob_kills":1,"minecraft:fall_one_cm":2719,"minecraft:fly_one_cm":49772}},"DataVersion":3465}